id_review,caption,timestamp,rating,username,n_review_user,n_photo_user,url_user
ChZDSUhNMG9nS0VJQ0FnSUNjNU8yZWJnEAEaFnhENHI0SF84Y1FuVTc0UDh4d2RTNVE,"Atendimento Excelente. Pizza e muito boa. Passa CART√ÉO. Tem Banheiro  N√£o tem wi-fi. N√£o tem televis√£o. Bebidas variadas como SUCO , REFRIGERANTE, CERVEJA. TEM MESAS AO AR LIVRE E AMBIENTE CLIMATIZADO.",um m√™s atr√°s,2020-05-06 01:18:10.125765,4.0,Felix Silva,0,0,https://www.google.com/maps/contrib/110404430339108793245?hl=pt-BR
ChZDSUhNMG9nS0VJQ0FnSUNzdzRldGVREAEaFlVvOFVkNS1JZ25KZmRMdkpxQTNCVlE,"Pizza muito saborosa gostei muito, mas a maionese vem em sach√™ e √© horr√≠vel porque eu vou estar cm a m√£o ocupada como abrir o sach√™?????",2 meses atr√°s,2020-05-06 01:18:10.125765,3.0,Lucas Amazing,13,0,https://www.google.com/maps/contrib/109234565379114327933?hl=pt-BR
ChZDSUhNMG9nS0VJQ0FnSURzMlpmRFJnEAEaFmNZWTl0aGtTTThjQ0p6THlfVlZiT0E,"A pizza √© muito saborosa, pena que n√£o comporta mais a demanda dos clientes",um m√™s atr√°s,2020-05-06 01:18:10.125765,3.0,Regina,0,0,https://www.google.com/maps/contrib/106735584008416953026?hl=pt-BR
ChdDSUhNMG9nS0VJQ0FnSURNcVBIdWtnRRABGhY4U3VBMk44TTBBTmE0dUhTTXNueHZR,"So tem um tamanho de pizza, n√£o pode escolher dois sabores, apesar do nome ser ""na m√£o"" penso que isso deveria ser uma op√ß√£o, mas o ruim mesmo foi ter que mastigar casca de ovo que veio junto da pizza",4 meses atr√°s,2020-05-06 01:18:10.141365,1.0,Enio Ramalho,2,0,https://www.google.com/maps/contrib/115658878247387888932?hl=pt-BR
ChZDSUhNMG9nS0VJQ0FnSUNzNy1lakhREAEaFkd3dnhNUnhCVU9QN1ZuX1lsVXlZOXc,"Amei o lugar, √≥timo atendimento, a pizza √© de um sabor inigual√°vel. Super indico!!",2 meses atr√°s,2020-05-06 01:18:10.141365,5.0,Salete Carvalho,0,0,https://www.google.com/maps/contrib/109177825706065023904?hl=pt-BR
ChZDSUhNMG9nS0VJQ0FnSUNNN2REUVlREAEaFmpsZzlGUWpwLWtqbTVFUUZQT0FyVmc,Diferente mas muito bom. Amei apesar de ter que esperar pra esfriar um pouco. Mas tudo que √©  diferente a gente se acostuma.  Valeu!!!,5 meses atr√°s,2020-05-06 01:18:10.141365,5.0,GRA√áA Godinho,131,0,https://www.google.com/maps/contrib/107574436229957615946?hl=pt-BR
ChZDSUhNMG9nS0VJQ0FnSUNzZ3V2M1FBEAEaFi1nVG5XY1JicVlDeDZ0ejFRbjFTb3c,"Pizza maravilhosa, massa fina, saborosa, muito quente e atendimento r√°pido, tudo de bom, parab√©ns a propriet√°ria.",3 meses atr√°s,2020-05-06 01:18:10.141365,5.0,Alexandre Baida,7,0,https://www.google.com/maps/contrib/111500500961838789222?hl=pt-BR
ChdDSUhNMG9nS0VJQ0FnSUNNa2ZEOXVRRRABGhZDRmZsU3dZRGE4cGZYdjNGR0dyUXZB,"Dois fds seguidos q vou at√© l√° , e sempre est√° faltando algum ingrediente na pizza. O √∫ltimo, faltou bacon.",5 meses atr√°s,2020-05-06 01:18:10.141365,2.0,Cristiane Carvalho,1,0,https://www.google.com/maps/contrib/113194468626553242332?hl=pt-BR
ChZDSUhNMG9nS0VJQ0FnSUNzM3VpV1lREAEaFjFTa3NFdHlUYlhtdHZ1UFdnSTFwQ0E,"Ambiente aconchegante, bom atendimento e excelente qualidade e sabor nas pizzas.",3 meses atr√°s,2020-05-06 01:18:10.141365,4.0,Rubens Cunha Barbosa da Silva,3,0,https://www.google.com/maps/contrib/101626778098826484189?hl=pt-BR
ChdDSUhNMG9nS0VJQ0FnSURVNkpleXd3RRABGhZnZG10SkRMQjRCWGdLUWdBM0ZZQ0hR,Melhor pizza da city. Estou viciados nesses sabores.,8 meses atr√°s,2020-05-06 01:18:10.156965,5.0,Janini Gemaque,1,0,https://www.google.com/maps/contrib/116202623518036764510?hl=pt-BR
ChdDSUhNMG9nS0VJQ0FnSUNzejRfUzdnRRABGhZ0ZnVHbUdkTXJRamlOLTQxOE56OXpR,Massa muito leve ... Vale a pena experimentar,2 meses atr√°s,2020-05-06 01:18:10.156965,5.0,Fa- Biano,0,0,https://www.google.com/maps/contrib/113104256920100198690?hl=pt-BR
ChdDSUhNMG9nS0VJQ0FnSURrMTgyeDNRRRABGhZpbjlMOTBuZEtSb2tQb2dtVl9oR1NR,Amei!!!! Recebi em casa. Chegou  quentinha e deliciosa. Super  recomendo!üòãüòãüòã,9 meses atr√°s,2020-05-06 01:18:10.156965,5.0,Mabel Gomes,0,0,https://www.google.com/maps/contrib/111002180137739336949?hl=pt-BR
ChdDSUhNMG9nS0VJQ0FnSUNzaWZLN19BRRABGhZHc1RVTDZYTGduSFhrS2V6em4xS3lB,"Muito top Pizza, muito bom atendimento tbm excelente.",3 meses atr√°s,2020-05-06 01:18:10.156965,5.0,Rodrigo Silva Borges,0,0,https://www.google.com/maps/contrib/105535417938731636867?hl=pt-BR
ChdDSUhNMG9nS0VJQ0FnSUNzenNxNDRnRRABGhZ0ZG1GdFI2Wk1lOVpsOG9zb1dQRU1R,De li cia! Muito saborosa...massa fina..hummmmmmmm...,3 meses atr√°s,2020-05-06 01:18:10.156965,5.0,Tatiane Rebelo,13,0,https://www.google.com/maps/contrib/118214752733122508217?hl=pt-BR
ChdDSUhNMG9nS0VJQ0FnSUNzaWZUN3FRRRABGhZnUmxhVUMwN1ZSSE9NRHFETkJNNGN3,"Pizza excelente, atendimento maravilhoso....super recomendo!",3 meses atr√°s,2020-05-06 01:18:10.156965,4.0,Gilmar S martis,1,0,https://www.google.com/maps/contrib/116155360805530021747?hl=pt-BR
ChZDSUhNMG9nS0VJQ0FnSUMwNDRiT0dnEAEaFjhyRzB0Y1BpS253eGJ4TVpjbjJRRnc,"Espa√ßo √© pequeno mas a pizza √© deliciosa, sempre recheada com borda de catupiry... E pre√ßo acess√≠vel.",6 meses atr√°s,2020-05-06 01:18:10.156965,5.0,Gabs Rodrigues,0,0,https://www.google.com/maps/contrib/113429681863985787626?hl=pt-BR
ChdDSUhNMG9nS0VJQ0FnSUNNdllLeTNRRRABGhZ0OFI0c3RzcjV3bWtzVm5kaW80NEdB,"Pre√ßo bom, pizza muito boa, massa fina como gosto e bastante recheio.",5 meses atr√°s,2020-05-06 01:18:10.172565,5.0,Luciana Marinho,5,0,https://www.google.com/maps/contrib/104039432032910733165?hl=pt-BR
ChdDSUhNMG9nS0VJQ0FnSURNbHAzd3VBRRABGhZ1TWtwajFUM3c0VndPYXlvTlMtQlZB,"Pizza deliciosa, massa leve crocante, uma delicia.",4 meses atr√°s,2020-05-06 01:18:10.172565,5.0,nair soares Silva,1,0,https://www.google.com/maps/contrib/114223454207013902036?hl=pt-BR
ChdDSUhNMG9nS0VJQ0FnSUNNNV9lRHNRRRABGhZSTkJpNVgyVlMzQy0wUDRLVlpTc01R,Boca de se enfulerar,4 meses atr√°s,2020-05-06 01:18:20.864985,5.0,Puck sz,2,0,https://www.google.com/maps/contrib/104481744231784063402?hl=pt-BR
ChZDSUhNMG9nS0VJQ0FnSURNb2RqN2VBEAEaFjFSQ3o5Q1F5d2ktWklTd2hsSmNmUEE,"Pizza maravilhosa, massa muito leve e saborosa... Amei.",4 meses atr√°s,2020-05-06 01:18:20.869985,5.0,Jacqueline Silva Oliveira,0,0,https://www.google.com/maps/contrib/109719297070224763124?hl=pt-BR
ChZDSUhNMG9nS0VJQ0FnSUNzM2RuRlRREAEaFkJ5OWJzRS1tUW4wUEdDWHRHWDVGdVE,üçï muito boa aprovado..,2 meses atr√°s,2020-05-06 01:18:20.874985,5.0,MILLER SILVA ALBUQUERQUE SOUSA,0,0,https://www.google.com/maps/contrib/100143229186249452831?hl=pt-BR
ChZDSUhNMG9nS0VJQ0FnSUNVbks2MFFnEAEaFnZUaGFXVDJTeXoyU3N2TGxsYk95cXc,"Minha experi√™ncia com a pizza n√£o foi boa, mas √© uma pizzaria muito popular e com √≥timos pre√ßos. Ambiente pequeno, ent√£o se quiser pegar mesa tem que ir cedo.",9 meses atr√°s,2020-05-06 01:18:20.879985,3.0,Irmara Amaral,0,0,https://www.google.com/maps/contrib/107216847024605259332?hl=pt-BR
ChdDSUhNMG9nS0VJQ0FnSUQwX0xucHZRRRABGhZZWG00THN4X0VmUy1ramtGdE1fbThn,"Boa pizza, bom ambiente, atendimento bom e boas op√ß√µes no card√°pio.",6 meses atr√°s,2020-05-06 01:18:20.882485,4.0,Anaximandro Cairo,0,0,https://www.google.com/maps/contrib/112083077914431613440?hl=pt-BR
ChdDSUhNMG9nS0VJQ0FnSURrMkw2U3pBRRABGhZtZWZ5UTNrOUJ2VU5TVVh4UHk2bXJn,"Deliciosa. S√≥ precisa afinar melhor o atendimento... meus amigos e eu ja est√°vamos comendo com a luva suja, a mo√ßa simplesmente largou a coca na mesa... podia ter aberto ao menos... mas enfim... a pizza √© √≥tima",10 meses atr√°s,2020-05-06 01:18:20.884985,5.0,Juliana Fonteles,2,0,https://www.google.com/maps/contrib/114435703978885520699?hl=pt-BR
ChZDSUhNMG9nS0VJQ0FnSURNclBYMWVREAEaFnByT3pMc01INmdTenJaSDZrQXhXWnc,"Lugar aconchegante , gostei muito da pizza recomendo",4 meses atr√°s,2020-05-06 01:18:20.887485,4.0,joaquim dos santos filho,0,0,https://www.google.com/maps/contrib/106989408076618670747?hl=pt-BR
ChZDSUhNMG9nS0VJQ0FnSURNbC0tckRBEAEaFjJMa254RFVhdHk0dDBQMnc5ZHUtTUE,Muito boa a massa,3 meses atr√°s,2020-05-06 01:18:20.892486,5.0,J√∫nior Ara√∫jo,0,0,https://www.google.com/maps/contrib/103475359758511429125?hl=pt-BR
ChZDSUhNMG9nS0VJQ0FnSUQwOXJPUWZREAEaFkdYSkJNakJTb2toY0ZmUkd3V3NxalE,Melhor pizza de Santarem!,6 meses atr√°s,2020-05-06 01:18:20.897486,5.0,Lea Vivianny,1,0,https://www.google.com/maps/contrib/116278242612170584162?hl=pt-BR
ChdDSUhNMG9nS0VJQ0FnSURNdHVYaTRRRRABGhZqXzlKY01XckRQaUM2MVVfWHp0bVdB,Pizzas muito gostosas e bom atendimento,4 meses atr√°s,2020-05-06 01:18:20.899986,5.0,Clara Monteiro,0,0,https://www.google.com/maps/contrib/112846544616336742899?hl=pt-BR
ChdDSUhNMG9nS0VJQ0FnSUQwX2FHM3FnRRABGhZPOXM4NEpQM3pqQnk4YXhNbzdVNHFB,"Limpo, agrad√°vel, acolhedor",5 meses atr√°s,2020-05-06 01:18:31.666006,4.0,Tuga 76,0,0,https://www.google.com/maps/contrib/107956540061122336343?hl=pt-BR
ChZDSUhNMG9nS0VJQ0FnSURZenVHSkVBEAEaFmVKNnIzQkZVMUViNnZacHRsV3psdEE,Pizza muito boa e quentinha.  Tempo de espera razo√°vel. O ambiente poderia melhorar se disponibilizasse canal de TV aberto ao inv√©s de somente propagandas enquanto se aguarda a pizza chegar.,11 meses atr√°s,2020-05-06 01:18:31.666006,4.0,Gelcione Oliveira,5,0,https://www.google.com/maps/contrib/104708070039202154403?hl=pt-BR
ChZDSUhNMG9nS0VJQ0FnSURZcXUtVEV3EAEaFmFYZjh1VnFtXy1uS1QtSjNCcVl6SXc,"Ambiente ok. Localiza√ß√£o boa. Atendimento poderia melhorar. Op√ß√µes simples de sabores de pizzas. Adorei o fato de serem pizzas artesanais e claro, ter que comer com as m√£os! A massa possui uma textura de dar √°gua na boca. Pre√ßos s√£o atraentes. Recomendo!",11 meses atr√°s,2020-05-06 01:18:31.681606,3.0,Yuji Tanaka,0,0,https://www.google.com/maps/contrib/110437173337668408963?hl=pt-BR
ChdDSUhNMG9nS0VJQ0FnSURNc2FIWHVnRRABGhZWdEdOWTFCdXFCTW1kMERVTFJlMVFn,Uma del√≠cia,4 meses atr√°s,2020-05-06 01:18:31.681606,5.0,MARUZA MOURA,0,0,https://www.google.com/maps/contrib/109461111682745616117?hl=pt-BR
ChdDSUhNMG9nS0VJQ0FnSUMweUt2N3VnRRABGhZWc1dmSlJSd3VpM0FsdHpmTjVSQXZn,Excelente atendimento e rapidez sem contar com a pizza deliciosa,7 meses atr√°s,2020-05-06 01:18:31.681606,5.0,Rayssa carvalho,6,0,https://www.google.com/maps/contrib/100581203039226467621?hl=pt-BR
ChdDSUhNMG9nS0VJQ0FnSUNZMnZDZTNnRRABGhZpNEd4azNVdHNPS3hnZTdYdzFBVnJ3,"Fui eu e mais dois casais.  Pedimos 3 pizzas.  A massa √© fina com bordas de catupiry.  Mas, ao pedir um suco, que constava no card√°pio...a resposta foi que n√£o poderia fornecer, visto que a pessoa que faz o suco...FALTOU.  Nossa...s√≥ tem uma pessoa que faz o suco?  Outro ponto negativo s√£o as cadeiras...desconfort√°vel.",um ano atr√°s,2020-05-06 01:18:31.681606,2.0,Sergio Oliveira,14,0,https://www.google.com/maps/contrib/117656381756661565255?hl=pt-BR
ChdDSUhNMG9nS0VJQ0FnSUMwM3RxdHRBRRABGhZZUXJueE9PX2FkbEdPQjAxcXZfMERR,Fizeram uma pizza vegana pra gente <3,7 meses atr√°s,2020-05-06 01:18:31.681606,5.0,Paulo Almeida,0,0,https://www.google.com/maps/contrib/117237701814417682386?hl=pt-BR
ChdDSUhNMG9nS0VJQ0FnSUM0OVBmWGlRRRABGhZKZ2NHMGZDLTh6RVRqTXl3a2V4eHh3,"Uma pizza gostosa, dependendo do dia pode demorar um pouco. Mas o atendimento √© muito bom.",11 meses atr√°s,2020-05-06 01:18:31.681606,4.0,Loren Fernandes,2,0,https://www.google.com/maps/contrib/117173707786836951912?hl=pt-BR
ChdDSUhNMG9nS0VJQ0FnSURVeUlHQzJnRRABGhZwSWkySEpwSmNzM1BKN1RYcWNOUkFn,Uma das melhores pizzarias.,8 meses atr√°s,2020-05-06 01:18:31.697206,5.0,Camila S. C.,0,0,https://www.google.com/maps/contrib/102110266248432670757?hl=pt-BR
ChZDSUhNMG9nS0VJQ0FnSUNNaTl5alpREAEaFmtyaWFMZ1p4ZVQyUkdoTzFIWGhtb1E,Melhor atendimento,5 meses atr√°s,2020-05-06 01:18:31.697206,5.0,Lucas Lima,0,0,https://www.google.com/maps/contrib/110822056155120946052?hl=pt-BR
ChdDSUhNMG9nS0VJQ0FnSURNNzlqM3BBRRABGhY2UHNUalNBbk0tcEpZbjhRbmV4NDdn,Pre√ßo justo e sabores bons,3 meses atr√°s,2020-05-06 01:18:43.308950,5.0,Lucy Chagas,3,0,https://www.google.com/maps/contrib/108395871177840847245?hl=pt-BR
ChZDSUhNMG9nS0VJQ0FnSURvdVBPX0JnEAEaFkJSakZwcTlKdXZ1VmZPenNhYkdWZlE,"Boas op√ß√µes de pizzas, valores entre 22 e 27 reais. Come-se com as m√£os, disponibilizam luvas descart√°veis. Pizza boa, mas estava oleosa, massa fina e com bordas com cantupiry. Espa√ßo pequeno para a demanda que est√° tendo. E o pior problema ‚Ä¶",um ano atr√°s,2020-05-06 01:18:43.308950,3.0,Rodrigo Souza,0,0,https://www.google.com/maps/contrib/103717703196673753646?hl=pt-BR
ChZDSUhNMG9nS0VJQ0FnSUNNXzhESkhnEAEaFkVvVHR1RGx4NFBUZWFZXzNvc1EzYUE,"Perfeito, Eu super recomendo ‚ô°",4 meses atr√°s,2020-05-06 01:18:43.308950,5.0,Annye S. Lemos,0,0,https://www.google.com/maps/contrib/111984136439431237933?hl=pt-BR
ChZDSUhNMG9nS0VJQ0FnSUNvX2VMSURBEAEaFlV2YWh2NEtwVlAwcmpvd3V2d1lvVkE,Lugar tranquilo e a pizza deliciosa üòã,um ano atr√°s,2020-05-06 01:18:43.308950,5.0,Welen Silva,0,0,https://www.google.com/maps/contrib/111947077640671943276?hl=pt-BR
ChZDSUhNMG9nS0VJQ0FnSURZNDRpZldnEAEaFndvM0x6M01iVVQ1S0c0TGRweGpaMEE,Gostosa a pizza! Por√©m acaba cedo e fica com pouca variedade de sabores.,11 meses atr√°s,2020-05-06 01:18:43.308950,4.0,Ana Caroliny Wonghan Cantalice,11,0,https://www.google.com/maps/contrib/102930054228889166839?hl=pt-BR
ChZDSUhNMG9nS0VJQ0FnSUNvb01hLVN3EAEaFlFKdmg2R2hDbHB4aE1CUlVDNUhfMlE,Estou a uma hora e nada ! Nem explica√ß√£o ou desculpas...,um ano atr√°s,2020-05-06 01:18:43.308950,1.0,Rodrigo Teixeira,6,0,https://www.google.com/maps/contrib/116421440450417142939?hl=pt-BR
ChdDSUhNMG9nS0VJQ0FnSURvcnNLcW1BRRABGhZwSlN2YlI4N0NNMFBHRDYtQUpjX1RR,"Ambiente agrad√°vel, √≥timo atendimento. A pizza √© √≥tima, deixa a desejar o tempo de espera. Mas, pode ligar antes e j√° adiantar.",um ano atr√°s,2020-05-06 01:18:43.324550,4.0,Samuel Costa,0,0,https://www.google.com/maps/contrib/101685599578689547646?hl=pt-BR
ChdDSUhNMG9nS0VJQ0FnSUNvajZ6MTRBRRABGhZoV0hkczB2alNHOGxWNVNKR0FRMHNR,"Agrad√°vel e com uma proposta diferente. O pre√ßo √© justo, a massa √© boa, mas os recheios j√° foram melhores. Por isso n√£o dei 5 estrelas",um ano atr√°s,2020-05-06 01:18:43.324550,4.0,Raul Cunha Lima Neto,0,0,https://www.google.com/maps/contrib/104742464186538448852?hl=pt-BR
ChZDSUhNMG9nS0VJQ0FnSUNvbHRMdktREAEaFll1cmt2VVk2TTZiejBmaFdIdTZieFE,"√ìtimo custo-benef√≠cio, massa fina. Boa quando tem pizza. O √∫nico problema √© que tem dias q a massa acaba e tivemos que ir embora mais de uma vez...",um ano atr√°s,2020-05-06 01:18:43.324550,4.0,David Viana,10,0,https://www.google.com/maps/contrib/108779087111257601425?hl=pt-BR
ChdDSUhNMG9nS0VJQ0FnSURVNVAzWDN3RRABGhZPcFl0QmlkOVJhVzJlLU15ZGhHMlN3,"Amei,muito bom üëç",8 meses atr√°s,2020-05-06 01:18:43.324550,5.0,Lidiane Lira,1,0,https://www.google.com/maps/contrib/112553792121125134739?hl=pt-BR
ChdDSUhNMG9nS0VJQ0FnSURvdDdEbWhnRRABGhY5VmZkc0U2V1RHRlMyaTJFcjVPZ0x3,"Atendimento p√©ssimo. Diverg√™ncia das informa√ß√µes. Disseram que entrega era 5,00 e depois j√° era 7,00.  Pizza na m√£o me deixou na m√£o",um ano atr√°s,2020-05-06 01:18:54.566596,1.0,Juliana Gon√ßalves,0,0,https://www.google.com/maps/contrib/117964046467493182017?hl=pt-BR
ChdDSUhNMG9nS0VJQ0FnSURvbzh1cnpnRRABGhZxcURCQ2F2cW9vOWFLbWllM0tPdGd3,"Top... Muito boa, atendimento perfeito, √≥tima loca√ß√£o.... recomendo √° todos!!!",um ano atr√°s,2020-05-06 01:18:54.566596,5.0,Engenharia FIT,0,0,https://www.google.com/maps/contrib/104324930220433519023?hl=pt-BR
ChdDSUhNMG9nS0VJQ0FnSUNvajlqWXJ3RRABGhZ5VkhQLXJVLVc0UTJZWXU2ckQyS0Z3,"Muito boa a pizza e o valor,s√≥ tem.que escolher bem pq nem todas sao gostosas",um ano atr√°s,2020-05-06 01:18:54.582196,4.0,√çris Vaz,0,0,https://www.google.com/maps/contrib/108764665537104319549?hl=pt-BR
ChZDSUhNMG9nS0VJQ0FnSUNvMk5pY0V3EAEaFjNkRlh5RlJJckxNU00ySUxtbjBnQWc,"A pizza demorou mais de uma hora para ficar pronta, n√£o deram satisfa√ß√£o alguma, s√≥ depois que perguntamos o que estava ocorrendo foi que avisaram que o pedido havia sido anotado errado. Acabamos comendo uma pizza que  n√£o hav√≠amos pedido, ‚Ä¶",um ano atr√°s,2020-05-06 01:18:54.582196,1.0,Alainny Portela C√¢ndido,1,0,https://www.google.com/maps/contrib/116506430714265436819?hl=pt-BR
ChZDSUhNMG9nS0VJQ0FnSURVblBIeUZ3EAEaFlUtNnhKemRMSFY1VlRESDNGcnU4c3c,Melhor pizza de Santar√©m. . Atendimento maravilhoso .. Parab√©ns..,8 meses atr√°s,2020-05-06 01:18:54.582196,5.0,jhene gomes,3,0,https://www.google.com/maps/contrib/103117598786672818603?hl=pt-BR
ChZDSUhNMG9nS0VJQ0FnSUNZaU83S1dnEAEaFldzcnJjbGtkLWtQYlp5bDFLMjZUVlE,"O atendimento √© √≥timo, pizza deliciosa a um pre√ßo bom. O espa√ßo √© um pouco pequeno, mas √© organizado.",um ano atr√°s,2020-05-06 01:18:54.582196,5.0,C√°ssio Guimar√£es,0,0,https://www.google.com/maps/contrib/106391644820073414499?hl=pt-BR
ChdDSUhNMG9nS0VJQ0FnSURVcnZuWGdRRRABGhYyZU5iajh4cUJQeVpzZE5aZE5hX3Fn,Uma das melhores pizzas que j√° comi √© de l√°.,8 meses atr√°s,2020-05-06 01:18:54.582196,5.0,Let√≠cia Miranda,0,0,https://www.google.com/maps/contrib/110305929650863796951?hl=pt-BR
ChdDSUhNMG9nS0VJQ0FnSUNNMDRlU2h3RRABGhZmUjBUb2pXMXVZOEdkTWhzWGFjMmNR,Uma das melhores pizzas da cidade,5 meses atr√°s,2020-05-06 01:18:54.597796,5.0,Enzo Mau√©s,1,0,https://www.google.com/maps/contrib/103679538996415874057?hl=pt-BR
ChdDSUhNMG9nS0VJQ0FnSURrNGV2a2p3RRABGhZfUzN5WHdpbVJQVFh4QTc3YVZWN1dB,Ambiente despojado e a pizza estava excelente,10 meses atr√°s,2020-05-06 01:18:54.597796,5.0,Mauriele Siqueira,5,0,https://www.google.com/maps/contrib/117079686701232188503?hl=pt-BR
ChZDSUhNMG9nS0VJQ0FnSURVbHB5RlF3EAEaFmxCU0laZVV1LW10QjNFVkNVcFFUdHc,"Pre√ßo maravilhosoooo, e a pizza mais ainda üòç",8 meses atr√°s,2020-05-06 01:18:54.597796,5.0,Sheila Ara√∫jo,0,0,https://www.google.com/maps/contrib/113529323111707939511?hl=pt-BR
ChZDSUhNMG9nS0VJQ0FnSUNNMjllN2RBEAEaFmd1Z0s3Y0xGQnZiYklNZnlwRlZqbVE,A pizza maravilhosa,4 meses atr√°s,2020-05-06 01:19:05.643539,5.0,Emerson Vitoria Moreira,5,0,https://www.google.com/maps/contrib/110001571671721581077?hl=pt-BR
ChdDSUhNMG9nS0VJQ0FnSUNvb3NUY3RnRRABGhZubmt0MlFJYlNmb2lsZk5SSk9pcFhB,"As pizzas s√£o deliciosas, o atendimento √© muito bom e o pre√ßo √© camarada!",um ano atr√°s,2020-05-06 01:19:05.659139,5.0,Igino Silva,4,0,https://www.google.com/maps/contrib/108509782514235339597?hl=pt-BR
ChZDSUhNMG9nS0VJQ0FnSUQwOElLOFhREAEaFjFtTTV0M05NbG9sa2M2cXZCb011Z2c,Pizza gostosa e r√°pida.,6 meses atr√°s,2020-05-06 01:19:05.659139,5.0,Vita Oliveira,0,0,https://www.google.com/maps/contrib/101151476164292919395?hl=pt-BR
ChZDSUhNMG9nS0VJQ0FnSURzc3VmNlpBEAEaFjNpV05ZcWlOV1p3dkVaZ2hHdGhGalE,Excelente,2 meses atr√°s,2020-05-06 01:19:05.659139,5.0,Melquisedeque Barbosa,1,0,https://www.google.com/maps/contrib/104585241537488526761?hl=pt-BR
ChZDSUhNMG9nS0VJQ0FnSURZeHRhdE9REAEaFktSQUJPMUdOaVgybFVNMkkxRnV3M1E,"Bom atendimento, excelente sabor. E o melhor,  sem demora no pedido.",11 meses atr√°s,2020-05-06 01:19:05.659139,4.0,Andr√© Nascimentto,0,0,https://www.google.com/maps/contrib/103546198469960528702?hl=pt-BR
ChZDSUhNMG9nS0VJQ0FnSUNzaGNEOWZnEAEaFktrWHdILWZ0ZUpZU0NkSThDci14TGc,Pizza deliciosa!,2 meses atr√°s,2020-05-06 01:19:05.659139,5.0,Sr Marcus,9,0,https://www.google.com/maps/contrib/113646107977846301625?hl=pt-BR
ChdDSUhNMG9nS0VJQ0FnSUNVdnBIbDB3RRABGhY0R3RMU1BWd1c4aG11eVE1czB0UWhB,"Muito boa Pizzaria, vale a pena visitar",9 meses atr√°s,2020-05-06 01:19:05.659139,4.0,Cel Mau√©s PMPA,0,0,https://www.google.com/maps/contrib/107400691255403196096?hl=pt-BR
ChZDSUhNMG9nS0VJQ0FnSUNVeTYtWURnEAEaFlJQazRrS1hfaU1jUjZUNGtrNmNaQ0E,"Gostei muito, pizza boa e atendimento √≥timo.",9 meses atr√°s,2020-05-06 01:19:05.659139,5.0,Carlos Cioffi,2,0,https://www.google.com/maps/contrib/100279065916480912621?hl=pt-BR
ChdDSUhNMG9nS0VJQ0FnSURZNThIeWp3RRABGhZpaGh4LUpzSlZkaDZoMzMyMEFSZlRn,"Queria comer mais, mas n√£o posso!",11 meses atr√°s,2020-05-06 01:19:05.674739,5.0,Herwin Hackradt,2,0,https://www.google.com/maps/contrib/112692603795411523619?hl=pt-BR
ChZDSUhNMG9nS0VJQ0FnSUNzOF9uQ2F3EAEaFjBMM1RJS3VSeUY2RThMbGphZDJad1E,Deliciosa,2 meses atr√°s,2020-05-06 01:19:05.674739,5.0,Gra√ßa Franciv√¢nia dos Santos Pereira,0,0,https://www.google.com/maps/contrib/102519989929454721043?hl=pt-BR
ChdDSUhNMG9nS0VJQ0FnSURFaHJfMnlnRRABGhZ1WG43VHRTWFpLZENMQkRtTlJMSTFn,Interessante a proposta. Aqui come com suas m√£o,10 meses atr√°s,2020-05-06 01:19:17.414288,4.0,israel junio,0,0,https://www.google.com/maps/contrib/116208522114286071173?hl=pt-BR
ChZDSUhNMG9nS0VJQ0FnSUMwNnR2TFh3EAEaFkh5NUg5al9fT2lTZkhCa3hDYmo2NUE,Muito bom super recomendo,7 meses atr√°s,2020-05-06 01:19:17.414288,5.0,Junior Viana,3,0,https://www.google.com/maps/contrib/114802384522045247005?hl=pt-BR
ChZDSUhNMG9nS0VJQ0FnSURVakpxZE5BEAEaFlYwT3VSbXpsNHAwZ2ljcHUtTVN6emc,Muito bom,8 meses atr√°s,2020-05-06 01:19:17.414288,5.0,Marcos Batista,4,0,https://www.google.com/maps/contrib/106227729302198148130?hl=pt-BR
ChZDSUhNMG9nS0VJQ0FnSURvbjREb1NnEAEaFnJtT2pGM045YW81QjVpWjZ2NGN3Unc,Melhor da cidade e pre√ßo super em conta.,um ano atr√°s,2020-05-06 01:19:17.414288,5.0,Erivelton S√°,0,0,https://www.google.com/maps/contrib/117136138916079472705?hl=pt-BR
ChdDSUhNMG9nS0VJQ0FnSUNZeDhUNmd3RRABGhZOc2szSFhNY1VfYWRmUko2TEJwRjVB,Atendimento perfeito e tudo delicioso,8 meses atr√°s,2020-05-06 01:19:17.414288,5.0,Gisleine Campos,0,0,https://www.google.com/maps/contrib/100968856741416115952?hl=pt-BR
ChZDSUhNMG9nS0VJQ0FnSUNzbE1hQUl3EAEaFlV0N1pERmdWVlpqVi1fUlVPVWhzOWc,Interessante,3 meses atr√°s,2020-05-06 01:19:17.414288,4.0,Marcos Almeida,5,0,https://www.google.com/maps/contrib/102036448730791544301?hl=pt-BR
ChZDSUhNMG9nS0VJQ0FnSURVNWVlQ0dBEAEaFm5TVndlNGcwb01QS09lbXZ3T2lHaUE,"Deliciosa, sem falar na qualidade do atendimento.",8 meses atr√°s,2020-05-06 01:19:17.429888,5.0,Maruza Moura,0,0,https://www.google.com/maps/contrib/107551795699649541501?hl=pt-BR
ChdDSUhNMG9nS0VJQ0FnSUMwOWEtTl93RRABGhY3TmNPTE9WUzZmZFRBM21CU1dtYVVR,"Bom atendimento,  boas pizzas",7 meses atr√°s,2020-05-06 01:19:17.429888,3.0,Fritz Bar√≥,0,0,https://www.google.com/maps/contrib/104604774038484648171?hl=pt-BR
ChdDSUhNMG9nS0VJQ0FnSUMwZ2RPQnNBRRABGhZGbVpYMy1YUm1Lbkh1eGdUd0RKQjZ3,Melhor pizzaüòãüòã,6 meses atr√°s,2020-05-06 01:19:17.429888,5.0,Janaina Barbosa,1,0,https://www.google.com/maps/contrib/104769270921346901936?hl=pt-BR
ChZDSUhNMG9nS0VJQ0FnSUQwdnVqaEJREAEaFmpKd3h0bjlsYXlDU0FQU1RDcUotcUE,A melhor pizza de Santar√©m,5 meses atr√°s,2020-05-06 01:19:17.429888,5.0,Fabricia Tolentino,3,0,https://www.google.com/maps/contrib/116999276077068561277?hl=pt-BR
ChZDSUhNMG9nS0VJQ0FnSUNvbjllR2JBEAEaFkNwN2lpZ3ZuMDExXzc1RkdMTmhrVnc,"Adorei a massa fininha, crocante, recheio maravilhoso! Pizza deliciosa!",um ano atr√°s,2020-05-06 01:19:29.064844,5.0,Bia Sena,1,0,https://www.google.com/maps/contrib/116687952567276123579?hl=pt-BR
ChZDSUhNMG9nS0VJQ0FnSUQwNnBhN1V3EAEaFmw0WUE3YUdYMWJOeERCRWpWWTNlc2c,Melhor pizza,6 meses atr√°s,2020-05-06 01:19:29.064844,5.0,Iara Cristina,0,0,https://www.google.com/maps/contrib/105039488567391566871?hl=pt-BR
ChdDSUhNMG9nS0VJQ0FnSUQwX05pRHJnRRABGhZJU1lHd1ZyUnlFb2JtU0RWTVRkMTNB,R√°pida e boa,6 meses atr√°s,2020-05-06 01:19:29.064844,3.0,Tuanne Viana,0,0,https://www.google.com/maps/contrib/109487213943072461885?hl=pt-BR
ChZDSUhNMG9nS0VJQ0FnSUNFeWZDVmNREAEaFlhUcm5wS1IwaVVJS2ZjV3BEMUJjLVE,E muito boa pizza,10 meses atr√°s,2020-05-06 01:19:29.064844,5.0,Ana Claudia Ruas,1,0,https://www.google.com/maps/contrib/107686600227592769169?hl=pt-BR
ChdDSUhNMG9nS0VJQ0FnSUQwOXZPbW9RRRABGhZaUnotYUtBcm5BdmhJX29RSERjTEdB,Melhor pizza de Santar√©m. Maravilhosaaaa,6 meses atr√°s,2020-05-06 01:19:29.080444,5.0,Vit√≥ria lairen Nascimento,1,0,https://www.google.com/maps/contrib/117438502121362393318?hl=pt-BR
ChdDSUhNMG9nS0VJQ0FnSURrdjl2d3pnRRABGhY5aDhmaFFzUEd1MHBJakpSa2dJOHRn,Td muito gostoso amei,9 meses atr√°s,2020-05-06 01:19:29.080444,5.0,Cleia Santos,6,0,https://www.google.com/maps/contrib/118278501181054229660?hl=pt-BR
ChdDSUhNMG9nS0VJQ0FnSUNvMS1YX3RBRRABGhZ0ak5uVmh0VE4zSVdBQVYyTmpoVVF3,Excelente localiza√ß√£o e pizza divina. ‚ô•Ô∏è,um ano atr√°s,2020-05-06 01:19:29.080444,5.0,D√©rick G√≥es,0,0,https://www.google.com/maps/contrib/103412131948951391506?hl=pt-BR
ChdDSUhNMG9nS0VJQ0FnSURZaDVUd3ZRRRABGhY4azJta1JpZDh0aUpEc1R0ZUlKekVn,Uma delicia,11 meses atr√°s,2020-05-06 01:19:29.096044,5.0,Nelson Mota,6,0,https://www.google.com/maps/contrib/117367016747882656361?hl=pt-BR
ChZDSUhNMG9nS0VJQ0FnSUNNdlppVll3EAEaFlFhTnI4YVE2dlRnX0xlS1liYTlXdnc,Bom,5 meses atr√°s,2020-05-06 01:19:29.096044,3.0,Gilvane Silva,6,0,https://www.google.com/maps/contrib/114587454031555536680?hl=pt-BR
ChZDSUhNMG9nS0VJQ0FnSURZdzU3LUx3EAEaFmdLNmJHcUY3dGRwZ29ILXltVHJ1R2c,Muito bom,11 meses atr√°s,2020-05-06 01:19:29.096044,5.0,Sara Caroline,0,0,https://www.google.com/maps/contrib/102566772957658776376?hl=pt-BR
ChZDSUhNMG9nS0VJQ0FnSUNZcExfWU1REAEaFmp6ampERFVyLUMzTTR2alJ4eG8temc,"Atendimento demorado, mais de uma hora pra comer uma pizza.",um ano atr√°s,2020-05-06 01:19:41.240296,3.0,J√∫nior Fatuch,8,0,https://www.google.com/maps/contrib/114683089850771487372?hl=pt-BR
ChZDSUhNMG9nS0VJQ0FnSUNZLTdPbmFBEAEaFm92Y0NKRzQ0RkRraHY2S3pQNTdUVWc,Pizza muito saborosa. Valor justo.,8 meses atr√°s,2020-05-06 01:19:41.255896,5.0,Rariel Dantas,0,0,https://www.google.com/maps/contrib/106520239618651133345?hl=pt-BR
ChZDSUhNMG9nS0VJQ0FnSUNZa3NueGZnEAEaFjQ1ZWQ1Rjd1RHJyN2phSkJVNFFkRGc,Muito bom!!!,um ano atr√°s,2020-05-06 01:19:41.255896,5.0,Camila Cavalcante,0,0,https://www.google.com/maps/contrib/104100369704771558792?hl=pt-BR
ChZDSUhNMG9nS0VJQ0FnSUNVNlpQcFZBEAEaFlB3VWR6ZWptOHNnV1BJTHdXeHN3U0E,Adorei esse espa√ßo. Pizza deliciosa.,9 meses atr√°s,2020-05-06 01:19:41.255896,4.0,Adenomar Neves de Carvalho,8,0,https://www.google.com/maps/contrib/109316787936575205044?hl=pt-BR
ChdDSUhNMG9nS0VJQ0FnSUNZNDV5S3RBRRABGhZMMTdBbGZ1UkxEQ0ZzNXZvMWdkZl93,Muito bom,um ano atr√°s,2020-05-06 01:19:41.255896,4.0,Zena do Carmo,0,0,https://www.google.com/maps/contrib/102980919430519306457?hl=pt-BR
ChdDSUhNMG9nS0VJQ0FnSUNZd29uSzR3RRABGhZiUDZkOFcxalh4aTdGTlB0c1VvZTd3,A pizza √© √≥tima!,um ano atr√°s,2020-05-06 01:19:41.271497,5.0,Natalia Lima,9,0,https://www.google.com/maps/contrib/102261645109768684149?hl=pt-BR
ChZDSUhNMG9nS0VJQ0FnSURvd01YYVdBEAEaFnpoZklXbktUOU5nX1FKUXBIbFc0Y2c,Melhor pizza q j√° comi,um ano atr√°s,2020-05-06 01:19:41.271497,4.0,renato siqueira maria,29,0,https://www.google.com/maps/contrib/116875500617651167705?hl=pt-BR
ChdDSUhNMG9nS0VJQ0FnSUNVdnZfbTlRRRABGhZDYW1zTXVHdTRjMnFiOXEtdzk5WWtn,Muito gostosa üòçüòç,9 meses atr√°s,2020-05-06 01:19:41.287097,5.0,Amanda Gomes,3,0,https://www.google.com/maps/contrib/115029105471368905576?hl=pt-BR
ChZDSUhNMG9nS0VJQ0FnSUNZcXEyYUpnEAEaFk4xODg0Sl9FbzNnbEwzS3Zvc3pQX3c,"√ìtimo pre√ßo , comida boa demais",um ano atr√°s,2020-05-06 01:19:41.287097,5.0,Inglisom Sanches,0,0,https://www.google.com/maps/contrib/102620679159501464718?hl=pt-BR
ChZDSUhNMG9nS0VJQ0FnSUNZOWRha0tBEAEaFmtMZ0JUS3YyYkQtNkMybXNLeWNtM0E,Muito bom uma del√≠cia ..,um ano atr√°s,2020-05-06 01:19:41.302697,5.0,Elenite Calegari,11,0,https://www.google.com/maps/contrib/112034263111013774198?hl=pt-BR
ChdDSUhNMG9nS0VJQ0FnSUNZMXBEMjh3RRABGhY0QzRqalRIbjRFTHZOOThXRXlkbHlR,Muito boa!,um ano atr√°s,2020-05-06 01:19:52.874159,4.0,Filosofando em Deus,2,0,https://www.google.com/maps/contrib/103696125349312454597?hl=pt-BR
ChZDSUhNMG9nS0VJQ0FnSUMwNHRMZmFnEAEaFjdiMnFTWkN0TmpGaUJ0UDlHZU9lT3c,Bom,7 meses atr√°s,2020-05-06 01:19:52.874159,4.0,Luis Valter Oliveira,5,0,https://www.google.com/maps/contrib/117388529240991464858?hl=pt-BR
ChZDSUhNMG9nS0VJQ0FnSUNvcnZqM0tBEAEaFjhJM3FYUm1xY1NhZUszU0s4YXZxNkE,√ìtima  pizzaria,um ano atr√°s,2020-05-06 01:19:52.874159,5.0,Michel Griebler,0,0,https://www.google.com/maps/contrib/106091448715605242602?hl=pt-BR
ChdDSUhNMG9nS0VJQ0FnSURvanB1MzF3RRABGhZvYUd5VXhjUzFSZ2FUMWhmZGJwUFNB,A pizza √© muito saborosa,um ano atr√°s,2020-05-06 01:19:52.874159,3.0,Roberth Luan,2,0,https://www.google.com/maps/contrib/114126191033227011555?hl=pt-BR
ChdDSUhNMG9nS0VJQ0FnSURvaU1PYmpRRRABGhZ1Nk9xOVdBdlczdjRtcWo2OTJEbkZ3,Pre√ßos justos e pizza deliciosa,um ano atr√°s,2020-05-06 01:19:52.874159,5.0,Jo√£o Paulo reis,0,0,https://www.google.com/maps/contrib/114672358921840060023?hl=pt-BR
ChZDSUhNMG9nS0VJQ0FnSURrMkt5cE5nEAEaFkRDeEF3bWhmUFdjNm1GekFxVXNUWnc,Pizza muito saborosa!,10 meses atr√°s,2020-05-06 01:19:52.874159,5.0,Diego Leite,0,0,https://www.google.com/maps/contrib/107971247507342432076?hl=pt-BR
ChdDSUhNMG9nS0VJQ0FnSUNvaHF2NDhBRRABGhZ1bnZuUm1FN0h1bDd2T3dtenlmMFBn,"Super recomendo  , sempre que posso volto .",um ano atr√°s,2020-05-06 01:19:52.874159,5.0,astrid santos,1,0,https://www.google.com/maps/contrib/111351245522866540795?hl=pt-BR
ChdDSUhNMG9nS0VJQ0FnSURrMTZmNTl3RRABGhYxT2s1RmQ5NW5XcWwtQm5qN3RjN3hn,√ìtima pizza.,9 meses atr√°s,2020-05-06 01:19:52.889759,5.0,Calebi da mata santos dionisio,0,0,https://www.google.com/maps/contrib/104549514455693019642?hl=pt-BR
ChdDSUhNMG9nS0VJQ0FnSUNVZzltRjV3RRABGhZDcF9XVktfdFNwdFJmYXF4a3U5LWJR,Excelente,9 meses atr√°s,2020-05-06 01:19:52.889759,5.0,Marcio Figueroa,0,0,https://www.google.com/maps/contrib/102732034033948109898?hl=pt-BR
ChZDSUhNMG9nS0VJQ0FnSUMwX0tpYkxREAEaFjVhY0tSZEVBUU1qV3d5U2E2Vy1EdlE,Adorei.,7 meses atr√°s,2020-05-06 01:19:52.889759,5.0,eleonora pereira,1,0,https://www.google.com/maps/contrib/106041974782918480888?hl=pt-BR
ChZDSUhNMG9nS0VJQ0FnSURrejl5ek93EAEaFjBuVnlIUXRqbVZqX0NnZmhsQnZxOVE,Agrad√°vel e hospitaleiro,9 meses atr√°s,2020-05-06 01:20:04.423307,4.0,Rodrock Silva,0,0,https://www.google.com/maps/contrib/116947952842938154022?hl=pt-BR
ChdDSUhNMG9nS0VJQ0FnSUM0aFozc3dnRRABGhY1T0htU1pCRzY1Qk54UTc0Y3YzNE53,Incr√≠vel. Gostei da novidade.,10 meses atr√°s,2020-05-06 01:20:04.423307,4.0,J√∫nior M√°rio,2,0,https://www.google.com/maps/contrib/117419608316676711543?hl=pt-BR
ChdDSUhNMG9nS0VJQ0FnSUNvcl9yRXJ3RRABGhZnU3JLMkJvNVVTTkFlSTE1ZjQtU3ln,Excelente pre√ßo e qualidade.,um ano atr√°s,2020-05-06 01:20:04.423307,5.0,Jorge Luiz Figueira,0,0,https://www.google.com/maps/contrib/113842745536838558442?hl=pt-BR
ChZDSUhNMG9nS0VJQ0FnSURZbmRPVU1REAEaFkswaXNKNDU2T1k3VVJBVF9TT052emc,√ìtimo,11 meses atr√°s,2020-05-06 01:20:04.423307,5.0,Eliraldo Amancio da silva,14,0,https://www.google.com/maps/contrib/103358266690931197577?hl=pt-BR
ChdDSUhNMG9nS0VJQ0FnSUNVMUpYMnZBRRABGhYtSDBIeHdIaUl4TWxXNThKaW5jYmxR,Pizza muito gostosa.,9 meses atr√°s,2020-05-06 01:20:04.423307,4.0,Evanildo Junio Sousa da Silva,2,0,https://www.google.com/maps/contrib/110942508440189479748?hl=pt-BR
ChZDSUhNMG9nS0VJQ0FnSUNZaXYzTVdnEAEaFmVOOVNjU1RKTkQzYTBpclJTNGxMQ1E,Razo√°vel,um ano atr√°s,2020-05-06 01:20:04.438907,3.0,Iremar Viana,0,0,https://www.google.com/maps/contrib/116650460104082051781?hl=pt-BR
ChdDSUhNMG9nS0VJQ0FnSURvOGNQT3BRRRABGhZMTWx6MnZvX1FhSUtVWDVVYUxncUxn,Excelente,um ano atr√°s,2020-05-06 01:20:04.438907,5.0,Altair Costa,0,0,https://www.google.com/maps/contrib/101619515376576097493?hl=pt-BR
ChZDSUhNMG9nS0VJQ0FnSUNvajV1UkdnEAEaFklPbWZaWEtXd0YyU3VOemtud1ljQlE,Lugar aconchegante. Pizza gostosa.,um ano atr√°s,2020-05-06 01:20:04.438907,4.0,Lilia Santos,0,0,https://www.google.com/maps/contrib/111967866355726298041?hl=pt-BR
ChZDSUhNMG9nS0VJQ0FnSURZalluY1p3EAEaFmp3OTFYeERPbzhxemR2a29zQzFYQ2c,Pizza e dez,11 meses atr√°s,2020-05-06 01:20:04.438907,5.0,Salete Reis,5,0,https://www.google.com/maps/contrib/110485417151002801885?hl=pt-BR
ChZDSUhNMG9nS0VJQ0FnSUNZdTlLbUl3EAEaFnA4aXRvLVV1V0tRcmZ4ellNRTFuZEE,Pizza deliciosa,um ano atr√°s,2020-05-06 01:20:04.438907,5.0,Elisane Santos,9,0,https://www.google.com/maps/contrib/112440458360174979124?hl=pt-BR
ChZDSUhNMG9nS0VJQ0FnSURZaF9yREhBEAEaFjUyUzI1Wmd1cDU1SmxRQ09UMmEyUHc,Pizza √≥tima.,11 meses atr√°s,2020-05-06 01:20:16.993855,4.0,Milton Vieira,0,0,https://www.google.com/maps/contrib/104511781645647355557?hl=pt-BR
ChdDSUhNMG9nS0VJQ0FnSUNZNHJDanlnRRABGhZTa1pUT1VURjVibVFPYzA5aW5rT3Vn,Pizza gostosa,um ano atr√°s,2020-05-06 01:20:16.993855,5.0,Helton Marinho,0,0,https://www.google.com/maps/contrib/109418459784290027923?hl=pt-BR
ChdDSUhNMG9nS0VJQ0FnSUQ0MUk2WTdnRRABGhZrazVqbFVfQlVRcXc2dnFIUHAyYWZ3,(Tradu√ß√£o do Google) Aqui  (Original) Ameiii,10 meses atr√°s,2020-05-06 01:20:16.993855,5.0,Kelly Patricia,1,0,https://www.google.com/maps/contrib/107728638584816549311?hl=pt-BR
ChZDSUhNMG9nS0VJQ0FnSUNvNS1UWFVnEAEaFjV3VTNSVXdtMEo5QVpLb0NXZFFjVGc,(Tradu√ß√£o do Google) TOOOOOOP  (Original) TOOOOOOP,um ano atr√°s,2020-05-06 01:20:17.009455,5.0,Donny Rodrigues,0,0,https://www.google.com/maps/contrib/109115718701391989972?hl=pt-BR
ChdDSUhNMG9nS0VJQ0FnSUNZMFBpU3R3RRABGhZBaWZNNWNraDJGcEY1QXlmM29xYkhB,(Tradu√ß√£o do Google) Topo  (Original) Top,um ano atr√°s,2020-05-06 01:20:17.009455,4.0,john Dias,0,0,https://www.google.com/maps/contrib/109384596795789526389?hl=pt-BR
ChdDSUhNMG9nS0VJQ0FnSUNZc09hdXd3RRABGhZtdTNHR1E5NFkySEJXYjk3NXk4RnpB,(Tradu√ß√£o do Google) Topo  (Original) Top,um ano atr√°s,2020-05-06 01:20:17.009455,5.0,Debora Taymine,0,0,https://www.google.com/maps/contrib/100558930814403088645?hl=pt-BR
ChdDSUhNMG9nS0VJQ0FnSURVd3V5Q19nRRABGhY5U2Mycm9KZEtvZEhDZVB4dVVtdDZ3,,8 meses atr√°s,2020-05-06 01:20:17.009455,5.0,Tarelly Aguiar,1,0,https://www.google.com/maps/contrib/106318909890334095474?hl=pt-BR
ChdDSUhNMG9nS0VJQ0FnSURvd1BIYV9RRRABGhY1bFpkdmhiSFRSeWdTRzhHLTlSUFdn,,um ano atr√°s,2020-05-06 01:20:17.009455,5.0,Marlia Moreira,0,0,https://www.google.com/maps/contrib/104997574537792565882?hl=pt-BR
ChdDSUhNMG9nS0VJQ0FnSUNZbzZqMi13RRABGhZ3UjVwMWE3ai1oVm1BLVNmdzlCb2V3,,um ano atr√°s,2020-05-06 01:20:17.009455,5.0,Albanita Macedo,1,0,https://www.google.com/maps/contrib/108217341379106836597?hl=pt-BR
ChdDSUhNMG9nS0VJQ0FnSURNdDltczlRRRABGhZieE9uZ044WG5yWmhISnlacGkzenhR,,3 meses atr√°s,2020-05-06 01:20:17.025055,5.0,Ane Silva,0,0,https://www.google.com/maps/contrib/105558453555300980137?hl=pt-BR
ChdDSUhNMG9nS0VJQ0FnSUMwbjY3ajlBRRABGhZyd2JCaFRxTm45bnplNWJHdGlETkV3,,6 meses atr√°s,2020-05-06 01:20:28.690198,5.0,Isabella Portela,0,0,https://www.google.com/maps/contrib/108478877246668279456?hl=pt-BR
ChdDSUhNMG9nS0VJQ0FnSURNdWRuVTlBRRABGhZGSFE5bVNld2hYSXVDRm5RZUtfVUtn,,4 meses atr√°s,2020-05-06 01:20:28.690198,5.0,Ocirema Mota,0,0,https://www.google.com/maps/contrib/103781721726768682471?hl=pt-BR
ChdDSUhNMG9nS0VJQ0FnSUNVMTRmRzhnRRABGhZZUnRLUlRlUlNVcUx5eml0TlEtZTFR,,8 meses atr√°s,2020-05-06 01:20:28.705798,4.0,kleber Raphael Machado,3,0,https://www.google.com/maps/contrib/106199753024300365548?hl=pt-BR
ChdDSUhNMG9nS0VJQ0FnSUNzLXRtczhBRRABGhZ0S0FUck5pNmRPRjhXYVI5Y3dvZ2dB,,3 meses atr√°s,2020-05-06 01:20:28.705798,4.0,Alessandra Almeida,0,0,https://www.google.com/maps/contrib/112207965448148047225?hl=pt-BR
ChdDSUhNMG9nS0VJQ0FnSUNvajZPUzhBRRABGhZZX0RyWWhrbWRUOEoyZjEwRXNGeUFB,,um ano atr√°s,2020-05-06 01:20:28.705798,4.0,Felipe stelmachtchuk,7,0,https://www.google.com/maps/contrib/100830205840822700494?hl=pt-BR
ChdDSUhNMG9nS0VJQ0FnSURZdVBLWjd3RRABGhZpSGNMcGRiWEpkV1EwdTd2WUZLYlNn,,um ano atr√°s,2020-05-06 01:20:28.705798,4.0,Millena Concei√ß√£o Silva Rocha,0,0,https://www.google.com/maps/contrib/113218531381909366964?hl=pt-BR
ChdDSUhNMG9nS0VJQ0FnSUNVeTd2TjdnRRABGhZGWWh4YXkzMVFCOWhLMktSZG5VTjR3,,9 meses atr√°s,2020-05-06 01:20:28.705798,5.0,Joysse Pascovicci,0,0,https://www.google.com/maps/contrib/106354878016645311004?hl=pt-BR
ChdDSUhNMG9nS0VJQ0FnSURvNkt5bzdnRRABGhYxc1FNNWJDcXgwOVhBd0FrVXBSdnR3,,um ano atr√°s,2020-05-06 01:20:28.721398,5.0,Simone Sts,0,0,https://www.google.com/maps/contrib/107582657027073394308?hl=pt-BR
ChdDSUhNMG9nS0VJQ0FnSURrZzctUjdRRRABGhY0czhnZDEtMGFUWVFGWE9Wckc3VWpR,,10 meses atr√°s,2020-05-06 01:20:28.721398,4.0,katia busnello,0,0,https://www.google.com/maps/contrib/110510526688716061301?hl=pt-BR
ChdDSUhNMG9nS0VJQ0FnSUNvaXJiRTdBRRABGhZBVXZzcXg4bWVVbnZGRjl2WUI5dk5R,,um ano atr√°s,2020-05-06 01:20:28.721398,5.0,Jercianne Monteiro,0,0,https://www.google.com/maps/contrib/106437712952230064470?hl=pt-BR
ChdDSUhNMG9nS0VJQ0FnSUNzcmQzVTZ3RRABGhY0WDBMY21tSGtNT2IwNjJyampuZDdn,,2 meses atr√°s,2020-05-06 01:20:40.472544,5.0,Camila Isabele,0,0,https://www.google.com/maps/contrib/115278832605937080291?hl=pt-BR
ChdDSUhNMG9nS0VJQ0FnSUMwbGNIeTZnRRABGhZ3WUFHYTQ3LUY5elJldHpOSmJkcmtB,,7 meses atr√°s,2020-05-06 01:20:40.472544,4.0,Lena Vasconcelos,0,0,https://www.google.com/maps/contrib/117017908407823150635?hl=pt-BR
ChdDSUhNMG9nS0VJQ0FnSURNdE5qUzZnRRABGhZoSHphdERGYmp5LTR2cVl4d2pRMFNR,,4 meses atr√°s,2020-05-06 01:20:40.472544,5.0,Jonas Gasparini,0,0,https://www.google.com/maps/contrib/102972257994127475812?hl=pt-BR
ChdDSUhNMG9nS0VJQ0FnSURNdEpuUTVRRRABGhZHZnRvMTM0WjNNZHdGUThFRTRtTDJ3,,4 meses atr√°s,2020-05-06 01:20:40.472544,4.0,Bruno Luiz,2,0,https://www.google.com/maps/contrib/102700391176375053068?hl=pt-BR
ChdDSUhNMG9nS0VJQ0FnSUNVMmZPazN3RRABGhZhdVZoMVZEblA5anJadElDNXV6TnBn,,9 meses atr√°s,2020-05-06 01:20:40.472544,3.0,Lester Nogueira,10,0,https://www.google.com/maps/contrib/105140883743029394817?hl=pt-BR
ChdDSUhNMG9nS0VJQ0FnSUNZNGNuNDNnRRABGhZ3aElGSDNhNGRlcnBpMGV2eFdhUXlB,,um ano atr√°s,2020-05-06 01:20:40.472544,5.0,Lucas Rodrigues,0,0,https://www.google.com/maps/contrib/102800988484049152594?hl=pt-BR
ChdDSUhNMG9nS0VJQ0FnSURZNm9DXzNBRRABGhZnbW1hcEc1cEJMUUY0NXF5aHdvMWlR,,11 meses atr√°s,2020-05-06 01:20:40.488144,4.0,Kyvia Ara√∫jo,0,0,https://www.google.com/maps/contrib/103901122794271824077?hl=pt-BR
ChdDSUhNMG9nS0VJQ0FnSUNzNS11djNBRRABGhZsaGlESzRrUC13OGhvSF9ONnBPZFdB,,2 meses atr√°s,2020-05-06 01:20:40.488144,5.0,Lucas Lima,0,0,https://www.google.com/maps/contrib/106564783005045156079?hl=pt-BR
ChdDSUhNMG9nS0VJQ0FnSURZMHRtTzJnRRABGhZPQXM4Q21iSEY1bXVyTFdPdlN6ZXpn,,um ano atr√°s,2020-05-06 01:20:40.488144,1.0,Jos√© Maria,0,0,https://www.google.com/maps/contrib/100195725348428933965?hl=pt-BR
ChdDSUhNMG9nS0VJQ0FnSUNzLTVmdzF3RRABGhZJV2V4YXdiYmpvVUhzSHl0VVBaV3hR,,2 meses atr√°s,2020-05-06 01:20:40.488144,5.0,Regiane Leal,0,0,https://www.google.com/maps/contrib/112381035638831033109?hl=pt-BR
ChdDSUhNMG9nS0VJQ0FnSUNzNHFIaDF3RRABGhZjV1dmQjMydFpyczRUaXpWTWxNZV9n,,3 meses atr√°s,2020-05-06 01:20:52.431693,5.0,Caio Rafael Oliveira,2,0,https://www.google.com/maps/contrib/118044232227378268159?hl=pt-BR
ChdDSUhNMG9nS0VJQ0FnSUNZeE9tODBBRRABGhZuTUczQTdFeU80Wl9LeE5KMmc2b3VR,,um ano atr√°s,2020-05-06 01:20:52.431693,5.0,Clara Oliveira,0,0,https://www.google.com/maps/contrib/110881410909449660388?hl=pt-BR
ChdDSUhNMG9nS0VJQ0FnSUNzbWJtTXp3RRABGhYxMzhqVDg5TTRyNVpaUUY1SF9PM3Bn,,2 meses atr√°s,2020-05-06 01:20:52.431693,4.0,Ariel Ramon Nadler Costa,3,0,https://www.google.com/maps/contrib/107163947771426929210?hl=pt-BR
ChdDSUhNMG9nS0VJQ0FnSUNNby1LRHpnRRABGhZFeVVwUnB3VHI4aUVNcmVfcVpOU0VB,,5 meses atr√°s,2020-05-06 01:20:52.431693,5.0,Sarah Castro,0,0,https://www.google.com/maps/contrib/111771423048547557880?hl=pt-BR
ChdDSUhNMG9nS0VJQ0FnSURFLXQ2SXpRRRABGhZySGIzU1NnYlUxZ3FidnQ2SDV6cEFn,,10 meses atr√°s,2020-05-06 01:20:52.431693,4.0,DoOrDie -,0,0,https://www.google.com/maps/contrib/105070030081160076790?hl=pt-BR
ChdDSUhNMG9nS0VJQ0FnSUNvN0kySHpRRRABGhYzY0l2Z1IydlFZcGY0NzNCUmt6X3Jn,,um ano atr√°s,2020-05-06 01:20:52.431693,5.0,Ruy Assis,0,0,https://www.google.com/maps/contrib/114971857822736505448?hl=pt-BR
ChdDSUhNMG9nS0VJQ0FnSUMwbmYtZ3l3RRABGhZwbHVCa2tOaEZmSjRYU2RSNlVkUjBn,,6 meses atr√°s,2020-05-06 01:20:52.447293,5.0,eder dos santos,2,0,https://www.google.com/maps/contrib/115170621644384461259?hl=pt-BR
ChdDSUhNMG9nS0VJQ0FnSUNNeWNtTnl3RRABGhZSZlJBa1o1SmtyamMtNUdkN1FfU0Z3,,5 meses atr√°s,2020-05-06 01:20:52.447293,4.0,Anne Olyver,0,0,https://www.google.com/maps/contrib/113344545788604807941?hl=pt-BR
ChdDSUhNMG9nS0VJQ0FnSUNFMDZEMHh3RRABGhZoZWl1SFZGNTRibTVfTHBpNFQxaHVn,,10 meses atr√°s,2020-05-06 01:20:52.447293,4.0,Kaline Cassuli,0,0,https://www.google.com/maps/contrib/117631709938340188052?hl=pt-BR
ChdDSUhNMG9nS0VJQ0FnSURzanFhcXhnRRABGhZHdmRhYXdvMm45bEo0Q0tia1BNV1Vn,,2 meses atr√°s,2020-05-06 01:20:52.447293,5.0,leonardo mara,0,0,https://www.google.com/maps/contrib/114986062033152107356?hl=pt-BR
ChdDSUhNMG9nS0VJQ0FnSUNVMzZieHd3RRABGhYyMkdSSDFpVmxNbUI3b3FyTUs4TEpB,,8 meses atr√°s,2020-05-06 01:21:04.380342,5.0,gleice cardoso,0,0,https://www.google.com/maps/contrib/100657023635266307175?hl=pt-BR
ChdDSUhNMG9nS0VJQ0FnSURNN3B2SXdnRRABGhZ3X3d2UVZFWk9DcmNkcnUxQnhGdDVB,,4 meses atr√°s,2020-05-06 01:21:04.395943,5.0,Kaly Silva,6,0,https://www.google.com/maps/contrib/106577017917781392174?hl=pt-BR
ChdDSUhNMG9nS0VJQ0FnSUNVemZTY3dBRRABGhZLZF8xbzNKQ3VmVGZtYkZKVGhlTVVn,,9 meses atr√°s,2020-05-06 01:21:04.395943,4.0,Italorok aguiar,0,0,https://www.google.com/maps/contrib/110702976151468923352?hl=pt-BR
ChdDSUhNMG9nS0VJQ0FnSUNZb0tLenZnRRABGhZURWtuNWNxZS1OamQ4eEFzbWZOeFFB,,um ano atr√°s,2020-05-06 01:21:04.395943,2.0,andressa souza,0,0,https://www.google.com/maps/contrib/101374542619920989685?hl=pt-BR
ChdDSUhNMG9nS0VJQ0FnSURNM0p5bnZBRRABGhZGV05oOWZoMV9hTmNnWnJRM1YzZUJR,,4 meses atr√°s,2020-05-06 01:21:04.395943,5.0,Liliany Portela,2,0,https://www.google.com/maps/contrib/106290541293604739602?hl=pt-BR
ChdDSUhNMG9nS0VJQ0FnSURNMkx2N3V3RRABGhZQRkdKSWhvWEY5ZkVSOFJ5bTMweHlR,,4 meses atr√°s,2020-05-06 01:21:04.395943,2.0,andreia jati silva,0,0,https://www.google.com/maps/contrib/106140801588695539957?hl=pt-BR
ChdDSUhNMG9nS0VJQ0FnSUNZaUkyaXVRRRABGhZKSnQ4NFdiSUNtejRidzd1WlhBdC13,,um ano atr√°s,2020-05-06 01:21:04.395943,5.0,Juliane Correia de sa,3,0,https://www.google.com/maps/contrib/115760542665874410006?hl=pt-BR
ChdDSUhNMG9nS0VJQ0FnSURremRhRnRRRRABGhY0NThqaW0xenhZUlFfa3dWQ010SXhR,,10 meses atr√°s,2020-05-06 01:21:04.411543,5.0,Silvio J√∫nior,0,0,https://www.google.com/maps/contrib/113540284911199070250?hl=pt-BR
ChdDSUhNMG9nS0VJQ0FnSURvejYzMHRBRRABGhZ3Q2QxZjdXX1NCTURQNXA2cWdqRE9R,,um ano atr√°s,2020-05-06 01:21:04.411543,1.0,Andressa Lima,1,0,https://www.google.com/maps/contrib/115021020337504972255?hl=pt-BR
ChdDSUhNMG9nS0VJQ0FnSURZNVBmdnNnRRABGhY4WkxCc0xycXhEMUFCNXBBT1REdVZB,,um ano atr√°s,2020-05-06 01:21:04.411543,3.0,Adair Jose,1,0,https://www.google.com/maps/contrib/106501953614963830461?hl=pt-BR
ChdDSUhNMG9nS0VJQ0FnSUNzdmMtQXNnRRABGhZ2dmxkcFExdE94Tk9jbEVzc194aGlB,,2 meses atr√°s,2020-05-06 01:21:16.284586,4.0,Izabel Rabelo,0,0,https://www.google.com/maps/contrib/112019708491519617111?hl=pt-BR
ChdDSUhNMG9nS0VJQ0FnSUNNOWYyQXJ3RRABGhZWUVRoYTRfemNSTFhBTnBzbE1ybHBB,,5 meses atr√°s,2020-05-06 01:21:16.284586,4.0,Douglas Lins,0,0,https://www.google.com/maps/contrib/112469742253256478505?hl=pt-BR
ChdDSUhNMG9nS0VJQ0FnSUNNM29MeXJBRRABGhYwanFFSEx3QlJUMGZYSUpqNUg4aGpB,,5 meses atr√°s,2020-05-06 01:21:16.284586,5.0,Chrystian Bento,0,0,https://www.google.com/maps/contrib/104740625734617860692?hl=pt-BR
ChdDSUhNMG9nS0VJQ0FnSURZNTlmZnJBRRABGhZ4eFRtMW81ZU9OYTJ5aWtuSkstaW1n,,11 meses atr√°s,2020-05-06 01:21:16.284586,4.0,Aurilene Carmo,0,0,https://www.google.com/maps/contrib/101217206524699820919?hl=pt-BR
ChdDSUhNMG9nS0VJQ0FnSUQwbWY2VnFRRRABGhZoZVd0c0ZoZEhHeGNvMWxZa3ZUMm5B,,5 meses atr√°s,2020-05-06 01:21:16.300186,5.0,Nice Brito,2,0,https://www.google.com/maps/contrib/108284923149453572216?hl=pt-BR
ChdDSUhNMG9nS0VJQ0FnSUQwa08tc3FBRRABGhZUY2ZHZlc4OWFBZmFtMXh3cy1JQWp3,,6 meses atr√°s,2020-05-06 01:21:16.300186,4.0,Dilberto Oliveira II,0,0,https://www.google.com/maps/contrib/107315848610728325049?hl=pt-BR
ChdDSUhNMG9nS0VJQ0FnSUNZbTVtc3FBRRABGhY4dTA5QTJnS2NnSUFXWGtYeW5OaVFR,,um ano atr√°s,2020-05-06 01:21:16.300186,5.0,Camila Carvalho,0,0,https://www.google.com/maps/contrib/107308043296054363240?hl=pt-BR
ChdDSUhNMG9nS0VJQ0FnSURVN3BESHBnRRABGhZQbGxEREIxN1lnblBaTW1SRWFHZjd3,,8 meses atr√°s,2020-05-06 01:21:16.300186,5.0,Willane Souza,4,0,https://www.google.com/maps/contrib/110560982679788205889?hl=pt-BR
ChdDSUhNMG9nS0VJQ0FnSUQ0NU12SHBBRRABGhY3Z2VpM2F3Y3pfemk1SEV3X0RBQVVn,,10 meses atr√°s,2020-05-06 01:21:16.300186,4.0,rondenely andrade,0,0,https://www.google.com/maps/contrib/116251980197193619562?hl=pt-BR
ChdDSUhNMG9nS0VJQ0FnSUNzcXMyZm9nRRABGhZUdFY2dUh5SE9aVFpFVTQ5QkZPaFhB,,3 meses atr√°s,2020-05-06 01:21:16.300186,5.0,M Gabriel,1,0,https://www.google.com/maps/contrib/101227823084833636696?hl=pt-BR
ChdDSUhNMG9nS0VJQ0FnSUM0dVBQOG9RRRABGhY0VVo0aENRcGZ4dk8wbHh0bDRHMndB,,11 meses atr√°s,2020-05-06 01:21:28.260529,3.0,Oriana Lima,0,0,https://www.google.com/maps/contrib/105562059979072963637?hl=pt-BR
ChdDSUhNMG9nS0VJQ0FnSURzdXNQWG9RRRABGhZ4VTRvRWtVUzhOdENUc1dHN01XdlpR,,2 meses atr√°s,2020-05-06 01:21:28.260529,5.0,Josu√© Carvalho dos Santos,0,0,https://www.google.com/maps/contrib/107891217025779936870?hl=pt-BR
ChdDSUhNMG9nS0VJQ0FnSURrMWFIdG5nRRABGhZ4bFY2NmRFdmJORVUwRnNLZVp4ZTZn,,10 meses atr√°s,2020-05-06 01:21:28.260529,3.0,Renata Cristina Rabelo Damasceno,5,0,https://www.google.com/maps/contrib/101281580022687415223?hl=pt-BR
ChdDSUhNMG9nS0VJQ0FnSUNZNGYzWm1nRRABGhZEcHNfTkdjWTFrX3l0QTdzU0JUc2RB,,um ano atr√°s,2020-05-06 01:21:28.276129,5.0,Lores Galucio,7,0,https://www.google.com/maps/contrib/104847187961514732134?hl=pt-BR
ChdDSUhNMG9nS0VJQ0FnSURVN2VLV21RRRABGhZlb0tNeU8yYWFSQ1FmelB2em43YWxB,,8 meses atr√°s,2020-05-06 01:21:28.276129,4.0,Silas Tapaj√≥s,0,0,https://www.google.com/maps/contrib/116619099171731757634?hl=pt-BR
ChdDSUhNMG9nS0VJQ0FnSUMwNzhHZ2xRRRABGhZfTW12dTg0TWE5Nk9ZV3dHZE1KZ0RB,,6 meses atr√°s,2020-05-06 01:21:28.276129,4.0,Ilana Belo,0,0,https://www.google.com/maps/contrib/110256747911271103240?hl=pt-BR
ChdDSUhNMG9nS0VJQ0FnSURzb29mc2t3RRABGhZsOWdEYU5Td0FBbHpzT3pEQjdTSlhB,,2 meses atr√°s,2020-05-06 01:21:28.276129,3.0,Leandro Alves Barros,0,0,https://www.google.com/maps/contrib/111220090193522612635?hl=pt-BR
ChdDSUhNMG9nS0VJQ0FnSUM0b0pETmtRRRABGhZGMEJuWGtaZmdGYjlySTBWU1BWbVJR,,11 meses atr√°s,2020-05-06 01:21:28.276129,5.0,Gustavo Rangel,0,0,https://www.google.com/maps/contrib/104579550614310570014?hl=pt-BR
ChdDSUhNMG9nS0VJQ0FnSUNZaTQyZWtRRRABGhZRblVpN3lXNElHZW5sY3lWZExCZWJn,,um ano atr√°s,2020-05-06 01:21:28.276129,5.0,Luciano Chaves,0,0,https://www.google.com/maps/contrib/100092978850369684261?hl=pt-BR
ChdDSUhNMG9nS0VJQ0FnSUQ0dUxMbWp3RRABGhZwVFhOVlBya2ozVHpSZnI4elZsSnpn,,10 meses atr√°s,2020-05-06 01:21:28.276129,5.0,Aguida Valentim,3,0,https://www.google.com/maps/contrib/104361164388017531882?hl=pt-BR
ChdDSUhNMG9nS0VJQ0FnSUM0cElhMGpRRRABGhZNY1JvNms1NkpNUVhoT1FCRUZKbnZR,,11 meses atr√°s,2020-05-06 01:21:40.508472,5.0,Leoncio Tosetto,0,0,https://www.google.com/maps/contrib/109917592107084978162?hl=pt-BR
ChdDSUhNMG9nS0VJQ0FnSURrbzlIUGpBRRABGhZiNkNfY1V3bDEyUEp4Ym0xQXRFZ0Rn,,9 meses atr√°s,2020-05-06 01:21:40.508472,5.0,Jovenildo Ferreira,2,0,https://www.google.com/maps/contrib/116812776425846680549?hl=pt-BR
ChdDSUhNMG9nS0VJQ0FnSUNrNjdQSWpBRRABGhZZR2tEN2t1VmJWWEphNDU2c0QxdXln,,10 meses atr√°s,2020-05-06 01:21:40.524072,5.0,√âder de Azevedo,0,0,https://www.google.com/maps/contrib/111725485080910355701?hl=pt-BR
ChdDSUhNMG9nS0VJQ0FnSUNZZ0tLU2l3RRABGhZKUUxtWDcwZjE1aV85QmV4cHFPRE93,,um ano atr√°s,2020-05-06 01:21:40.524072,5.0,Thayna Moura,2,0,https://www.google.com/maps/contrib/117129783153587096502?hl=pt-BR
ChdDSUhNMG9nS0VJQ0FnSUQwZ3FYZmlRRRABGhZBaWYwSVZiRUQ0b2JFV0NVWGhwLTd3,,6 meses atr√°s,2020-05-06 01:21:40.524072,4.0,Kayo Barbosa,0,0,https://www.google.com/maps/contrib/111376821637651257654?hl=pt-BR
ChdDSUhNMG9nS0VJQ0FnSURVLUxfQ2h3RRABGhZvdFp0TzEwdFdvZFBreTYyOVhRckd3,,8 meses atr√°s,2020-05-06 01:21:40.524072,5.0,Elcy Rocha,1,0,https://www.google.com/maps/contrib/115353650354936738621?hl=pt-BR
ChdDSUhNMG9nS0VJQ0FnSUNZdklMdGhnRRABGhZwanNuQ0VJVHplYjdrUEV5Z3oyNWZR,,um ano atr√°s,2020-05-06 01:21:40.524072,4.0,Fagno Sousa,0,0,https://www.google.com/maps/contrib/109957161086930023375?hl=pt-BR
ChdDSUhNMG9nS0VJQ0FnSUQwbklQcWdnRRABGhZ2N2V0V3NzQlpSU2xwODlvVTVoT0RR,,6 meses atr√°s,2020-05-06 01:21:40.524072,5.0,Priscila Tamara,1,0,https://www.google.com/maps/contrib/102510519472515266096?hl=pt-BR
ChdDSUhNMG9nS0VJQ0FnSURFcHVUZWdBRRABGhZyZW9aeEk1QmczUVpjd1J6Rzd1bzRR,,10 meses atr√°s,2020-05-06 01:21:40.524072,4.0,Andreza bentes,5,0,https://www.google.com/maps/contrib/106954731002550056227?hl=pt-BR
ChZDSUhNMG9nS0VJQ0FnSUM0ak5Ec2ZnEAEaFjl1c24tX3E4bmw2WHdvMVNRcF84TXc,,11 meses atr√°s,2020-05-06 01:21:40.539672,5.0,Jo√£o V√≠tor da Silva,0,0,https://www.google.com/maps/contrib/117901834771270751997?hl=pt-BR
ChZDSUhNMG9nS0VJQ0FnSUNzNC1pbWV3EAEaFjlRYjZ4bzZIZFhQcE5EZUcyNjlaMlE,,2 meses atr√°s,2020-05-06 01:21:52.856225,5.0,Lucas ada Alves,1,0,https://www.google.com/maps/contrib/113110613344251761485?hl=pt-BR
ChZDSUhNMG9nS0VJQ0FnSUNvb01HZGVnEAEaFk9PcHV0bklBRklkc0RtTndWZi13bUE,,um ano atr√°s,2020-05-06 01:21:52.856225,4.0,Andre Schnorr,0,0,https://www.google.com/maps/contrib/101709349682290481730?hl=pt-BR
ChZDSUhNMG9nS0VJQ0FnSURNbTZYRWVREAEaFmI2YnNQMEl2LWprWEx1QXpQSFVKaUE,,3 meses atr√°s,2020-05-06 01:21:52.856225,5.0,Elzany Feitosa,0,0,https://www.google.com/maps/contrib/108239347126360464835?hl=pt-BR
ChZDSUhNMG9nS0VJQ0FnSURJdTRXVGR3EAEaFk93OS04bkRkRk0zTFNYMzRCYk9qREE,,um ano atr√°s,2020-05-06 01:21:52.856225,4.0,Bruna Bezerra,0,0,https://www.google.com/maps/contrib/107147834918884793134?hl=pt-BR
ChZDSUhNMG9nS0VJQ0FnSUNZMFBpQ2R3EAEaFi1zb0Z0TUVhZzV3WUZlUTdBUkp5Wnc,,um ano atr√°s,2020-05-06 01:21:52.856225,1.0,Ubiratan pina,0,0,https://www.google.com/maps/contrib/105482757189122381153?hl=pt-BR
ChZDSUhNMG9nS0VJQ0FnSUNvcS1qVmNnEAEaFmVXVE5WOVJSb3BndTJ1dFBiMm50c3c,,um ano atr√°s,2020-05-06 01:21:52.856225,4.0,Pamela Pereira,0,0,https://www.google.com/maps/contrib/100333922438745698709?hl=pt-BR
ChZDSUhNMG9nS0VJQ0FnSUQwNkxMRWNREAEaFnRva3EtN2FDeVU1bUtQbDRVdHZxSWc,,6 meses atr√°s,2020-05-06 01:21:52.856225,4.0,MG CHIANCA,3,0,https://www.google.com/maps/contrib/111407196294392016975?hl=pt-BR
ChZDSUhNMG9nS0VJQ0FnSUNZLV9fVmJ3EAEaFjgxUV9EdkhKTVFNUUw2YWRiOUpPc2c,,um ano atr√°s,2020-05-06 01:21:52.871825,4.0,Tamires,0,0,https://www.google.com/maps/contrib/111892424438429890458?hl=pt-BR
ChZDSUhNMG9nS0VJQ0FnSUM0anEtMGJ3EAEaFi0yV0Z6WnpsSlVBYXdKNVR2RnJfc2c,,11 meses atr√°s,2020-05-06 01:21:52.871825,5.0,Amauri Rodrigues Colares,1,0,https://www.google.com/maps/contrib/106926086806668936995?hl=pt-BR
ChZDSUhNMG9nS0VJQ0FnSUQwbnFQb2JnEAEaFnI1YzVoQ01xeHNHaDVFM0wwbGpYcGc,,5 meses atr√°s,2020-05-06 01:21:52.871825,5.0,Enzo Afonso Siqueira,1,0,https://www.google.com/maps/contrib/102584322556051729398?hl=pt-BR
ChZDSUhNMG9nS0VJQ0FnSUMwZ2JuSmJnEAEaFkJtTFhfMEptSzFyZk9qa2pGYU1NVVE,,7 meses atr√°s,2020-05-06 01:22:05.143670,5.0,Nil B,1,0,https://www.google.com/maps/contrib/117543210840125029874?hl=pt-BR
ChZDSUhNMG9nS0VJQ0FnSUNNX3ZTdmJBEAEaFkZxdHRoZzA5Mk5ZYU1GN1p5YzV5eVE,,5 meses atr√°s,2020-05-06 01:22:05.143670,5.0,Andrei Nadson,0,0,https://www.google.com/maps/contrib/106652160073717690358?hl=pt-BR
ChZDSUhNMG9nS0VJQ0FnSUNza09TdmF3EAEaFldhRmg3QVFsNDQzdXROc3Y3UTFpV2c,,3 meses atr√°s,2020-05-06 01:22:05.143670,5.0,Kelly Torres Dos Santos,0,0,https://www.google.com/maps/contrib/100963627970669672319?hl=pt-BR
ChZDSUhNMG9nS0VJQ0FnSUNNN1p5WmF3EAEaFmlyalhzVkxZS250V2ItWFJDRjREdnc,,5 meses atr√°s,2020-05-06 01:22:05.143670,4.0,Telmo Carmo,4,0,https://www.google.com/maps/contrib/102062599890872460024?hl=pt-BR
ChZDSUhNMG9nS0VJQ0FnSUNNNzlPRGFREAEaFjVlSkExakFPdGYzRm5ILTNpYkhPNWc,,4 meses atr√°s,2020-05-06 01:22:05.159270,3.0,neilane vinholte,0,0,https://www.google.com/maps/contrib/102093615588119155147?hl=pt-BR
ChZDSUhNMG9nS0VJQ0FnSURNd0lXVFp3EAEaFlVxZVRHM2M2VW9ncEgtZHNOc1Rsd0E,,4 meses atr√°s,2020-05-06 01:22:05.159270,5.0,Dierlly Kelly,9,0,https://www.google.com/maps/contrib/116879215512151626556?hl=pt-BR
ChZDSUhNMG9nS0VJQ0FnSURvNzduZVl3EAEaFmZxVm4tUkFWTlA4LVUtM09jMGFWRlE,,um ano atr√°s,2020-05-06 01:22:05.159270,5.0,Alaor Macena Barreto J√∫nior Macena,0,0,https://www.google.com/maps/contrib/113457336237158703391?hl=pt-BR
ChZDSUhNMG9nS0VJQ0FnSURzN3JqVFlREAEaFmZpUEZtdXZ6NUxJLW81dlkzd2MtUFE,,2 meses atr√°s,2020-05-06 01:22:05.159270,4.0,Brasilina Melo,0,0,https://www.google.com/maps/contrib/108459017941647316068?hl=pt-BR
ChZDSUhNMG9nS0VJQ0FnSURzeHFqVFhREAEaFjlXZ1dON3dfa1pjcERNXzU2dlZLNXc,,2 meses atr√°s,2020-05-06 01:22:05.159270,5.0,Marie Juliana Bernardes Guimar√£es,1,0,https://www.google.com/maps/contrib/113306657985476873591?hl=pt-BR
ChZDSUhNMG9nS0VJQ0FnSUNZdkxESFhREAEaFk5hUWFROXBLQVFMd2dmUnYzcDBZa2c,,um ano atr√°s,2020-05-06 01:22:05.159270,5.0,jennifer karine,0,0,https://www.google.com/maps/contrib/105425170808741966046?hl=pt-BR
ChZDSUhNMG9nS0VJQ0FnSUMwbmZpeVhREAEaFkx3Tm0xRUxqYm54V0VhUzBSdk1yM1E,,6 meses atr√°s,2020-05-06 01:22:17.472617,5.0,Alcione Jesus,0,0,https://www.google.com/maps/contrib/105406324843033745932?hl=pt-BR
ChZDSUhNMG9nS0VJQ0FnSURVX29USFZ3EAEaFjI3aUlFSVdBemxEMG9ydU1NYy00R2c,,8 meses atr√°s,2020-05-06 01:22:17.472617,4.0,Adriana Chiba,1,0,https://www.google.com/maps/contrib/104955972098798636406?hl=pt-BR
ChZDSUhNMG9nS0VJQ0FnSUM0cVl6NFZnEAEaFlExUmo0NXZYcmpBdERwNEtkOXVDa0E,,10 meses atr√°s,2020-05-06 01:22:17.472617,5.0,Isabelle Guimar√£es,0,0,https://www.google.com/maps/contrib/108182040017562950406?hl=pt-BR
ChZDSUhNMG9nS0VJQ0FnSURVMWEtWFZREAEaFkR5S3F0T0FhVmN6RWlySjJTY0xuc3c,,8 meses atr√°s,2020-05-06 01:22:17.472617,5.0,Ryan Hideki,0,0,https://www.google.com/maps/contrib/106727037012804701946?hl=pt-BR
ChZDSUhNMG9nS0VJQ0FnSUM0cEptclV3EAEaFkpnSWFscjlSdUh6R2Q4d0FScWJQWEE,,11 meses atr√°s,2020-05-06 01:22:17.488217,5.0,MIRIAN SOUSA,1,0,https://www.google.com/maps/contrib/106592136260599776832?hl=pt-BR
ChZDSUhNMG9nS0VJQ0FnSURZNnY3WVVBEAEaFmFoNFAyTzJLYVJEQnZpZDZJQTBqVXc,,11 meses atr√°s,2020-05-06 01:22:17.488217,4.0,Thuanni Sarubbi,1,0,https://www.google.com/maps/contrib/103396450857439922124?hl=pt-BR
ChZDSUhNMG9nS0VJQ0FnSURvX3FLTFN3EAEaFk1zdjVrZVdVMXBKc3FDcXJMQUdCRXc,,um ano atr√°s,2020-05-06 01:22:17.488217,3.0,Raquel Lopes Moreira,0,0,https://www.google.com/maps/contrib/101774522587036759997?hl=pt-BR
ChZDSUhNMG9nS0VJQ0FnSUNzc3UtWlF3EAEaFnBQVTZsTTJ0R3dObGRVQmtxYnM3RGc,,3 meses atr√°s,2020-05-06 01:22:17.488217,5.0,Glinnis Da Rocha - Tipiti,0,0,https://www.google.com/maps/contrib/108383341858756638070?hl=pt-BR
ChZDSUhNMG9nS0VJQ0FnSURzbnZTOVFREAEaFkVPdGlUWEd6MVU1S1JxNzB5bXdPQlE,,2 meses atr√°s,2020-05-06 01:22:17.488217,5.0,Sara Mota,4,0,https://www.google.com/maps/contrib/110178001123830964768?hl=pt-BR
ChZDSUhNMG9nS0VJQ0FnSUNNcmJ1elFBEAEaFlNqZWViU0lmVWVaMTd3Ry0wek04aVE,,5 meses atr√°s,2020-05-06 01:22:17.488217,5.0,Igor Viana,0,0,https://www.google.com/maps/contrib/106100467349226832612?hl=pt-BR
ChZDSUhNMG9nS0VJQ0FnSUNVcDRLTFB3EAEaFmVMRzhFaUwtNDdtbDNJNm8xeWlrRWc,,8 meses atr√°s,2020-05-06 01:22:29.821464,5.0,Ianca Silva,0,0,https://www.google.com/maps/contrib/110729658677649228612?hl=pt-BR
ChZDSUhNMG9nS0VJQ0FnSUNNOWE2YlBnEAEaFjF3d1I2R29IS2JDTlFtVVlFMzVrekE,,5 meses atr√°s,2020-05-06 01:22:29.821464,5.0,Lanny Souza,0,0,https://www.google.com/maps/contrib/113579398335187369955?hl=pt-BR
ChZDSUhNMG9nS0VJQ0FnSURNcnBteE9nEAEaFmx4VUFGNEhRNkNUTk1ZMzJ2eFJ6amc,,4 meses atr√°s,2020-05-06 01:22:29.821464,4.0,Marlei Polla,0,0,https://www.google.com/maps/contrib/113038647519331555155?hl=pt-BR
ChZDSUhNMG9nS0VJQ0FnSUNza0lMeU53EAEaFkk0SzNKQWo3cE9RTTJPRjJtOEMtY3c,,3 meses atr√°s,2020-05-06 01:22:29.821464,5.0,Claudio Rodrigues Costa,6,0,https://www.google.com/maps/contrib/104376376230223792323?hl=pt-BR
ChZDSUhNMG9nS0VJQ0FnSURvMTh2V05nEAEaFmJLZmdkdUxhUGFpV1Rpck5zTl9JM2c,,um ano atr√°s,2020-05-06 01:22:29.821464,5.0,THYAGO W. N.PONTES,0,0,https://www.google.com/maps/contrib/113516873482741393853?hl=pt-BR
ChZDSUhNMG9nS0VJQ0FnSUNVMllxQU5BEAEaFm5OOE9DU2t3MFN1R1NVclRRYUpBZXc,,9 meses atr√°s,2020-05-06 01:22:29.821464,5.0,Breno Seade,3,0,https://www.google.com/maps/contrib/114826406137854005397?hl=pt-BR
ChZDSUhNMG9nS0VJQ0FnSURNM2FLSk13EAEaFnlxMm4yQjNUTDFOX2V6XzhUV09Wanc,,3 meses atr√°s,2020-05-06 01:22:29.821464,5.0,CLEOMAR M SILVA menezes da silva,10,0,https://www.google.com/maps/contrib/113379523275808321329?hl=pt-BR
ChZDSUhNMG9nS0VJQ0FnSUNza3YyS01nEAEaFmdNSHlIZDFBLU5aMXdpeVNwM2hMekE,,3 meses atr√°s,2020-05-06 01:22:29.837064,4.0,Robson Dos Santos,0,0,https://www.google.com/maps/contrib/113218640286747536519?hl=pt-BR
ChZDSUhNMG9nS0VJQ0FnSUM0bklqNU1REAEaFjZtdW9rQUJlVXB0bVBoRDNxVXR5anc,,11 meses atr√°s,2020-05-06 01:22:29.837064,1.0,Par√≥dias STM PR LIRA,0,0,https://www.google.com/maps/contrib/111517951665163217893?hl=pt-BR
ChZDSUhNMG9nS0VJQ0FnSUNNeGJpV01REAEaFmN2Z3NGbHRfQkl0Qk96X2p2Q25JbUE,,5 meses atr√°s,2020-05-06 01:22:29.837064,5.0,Sabrina Mendes,0,0,https://www.google.com/maps/contrib/109863600191180775171?hl=pt-BR
ChZDSUhNMG9nS0VJQ0FnSURZdjZ6b0xBEAEaFjRMcFBHY0ZsZHEwbjRKSVByTTFNYnc,,11 meses atr√°s,2020-05-06 01:22:42.635918,5.0,Alexsandro Almeida,2,0,https://www.google.com/maps/contrib/116590120436008993337?hl=pt-BR
ChZDSUhNMG9nS0VJQ0FnSURrdWJyN0tnEAEaFmNnNmIwV2V0MWNlcnZKWm1ac19MRXc,,10 meses atr√°s,2020-05-06 01:22:42.635918,4.0,Vit√≥ria Silva Pimentel,1,0,https://www.google.com/maps/contrib/106317917757602881798?hl=pt-BR
ChZDSUhNMG9nS0VJQ0FnSURZamFYNUtnEAEaFjc0QUtINENVTkhjQTZJcHF5ek1JeVE,,11 meses atr√°s,2020-05-06 01:22:42.635918,4.0,wagner murilo de castro colares,0,0,https://www.google.com/maps/contrib/117735329912569704581?hl=pt-BR
ChZDSUhNMG9nS0VJQ0FnSURVMm8ybUtREAEaFmU4WWpHeFE3ejVEQlQ2Y2NFNG44OFE,,8 meses atr√°s,2020-05-06 01:22:42.635918,5.0,Kaynara Fernandes,0,0,https://www.google.com/maps/contrib/100160767913378864877?hl=pt-BR
ChZDSUhNMG9nS0VJQ0FnSUMwcWIyMkpnEAEaFjB3V1RzdWlvNTMzZ0lSOXRUalJkTmc,,7 meses atr√°s,2020-05-06 01:22:42.651518,4.0,Phelipe Patroc√≠nio,0,0,https://www.google.com/maps/contrib/106086935317446193338?hl=pt-BR
ChZDSUhNMG9nS0VJQ0FnSUNZME5DUEpnEAEaFnlOdFpya1NiSENacnNQRHNQckU3M2c,,um ano atr√°s,2020-05-06 01:22:42.651518,4.0,SIDINEIA Campos frota,0,0,https://www.google.com/maps/contrib/114395363191071264002?hl=pt-BR
ChZDSUhNMG9nS0VJQ0FnSURZOWNHeUpREAEaFjhSOE94NjNobTBIak1hblRVR19jYmc,,11 meses atr√°s,2020-05-06 01:22:42.651518,5.0,Thiago Andrey,0,0,https://www.google.com/maps/contrib/104413476752440292538?hl=pt-BR
ChZDSUhNMG9nS0VJQ0FnSURVcnJyS0l3EAEaFktVQVdnbTlzdlIzMWI0MW92Y0x1RHc,,8 meses atr√°s,2020-05-06 01:22:42.651518,5.0,Guilherme Almeida,0,0,https://www.google.com/maps/contrib/107251473496668016838?hl=pt-BR
ChZDSUhNMG9nS0VJQ0FnSUNFaFphVkl3EAEaFk44aDJHYUlvR250aGNQeVJYd25zMnc,,10 meses atr√°s,2020-05-06 01:22:42.651518,5.0,Rosiany Marla Riker Maduro,0,0,https://www.google.com/maps/contrib/107638995241305873179?hl=pt-BR
ChZDSUhNMG9nS0VJQ0FnSUMwMkpxdEhnEAEaFk80RU5mNGJLZmMxM3J3cllTZFdQU0E,,7 meses atr√°s,2020-05-06 01:22:42.651518,4.0,Luan Miguel,1,0,https://www.google.com/maps/contrib/101564591138971319658?hl=pt-BR
ChZDSUhNMG9nS0VJQ0FnSURNM2Vxc0d3EAEaFlJ0VzI2NndzdHFvSnhDenZaOEpRa3c,,3 meses atr√°s,2020-05-06 01:22:55.915565,5.0,Milene Ingrid,0,0,https://www.google.com/maps/contrib/113038866701671214740?hl=pt-BR
ChZDSUhNMG9nS0VJQ0FnSUMwMUk2M0dREAEaFlZFS1RYX2pwdUN2a3JrV2YwZm9idUE,,7 meses atr√°s,2020-05-06 01:22:55.915565,5.0,Nat√°lia Gomes,2,0,https://www.google.com/maps/contrib/112199257047163617906?hl=pt-BR
ChZDSUhNMG9nS0VJQ0FnSURNMDZtSEdREAEaFnJldkNmNWplVlU4blp3WF9HdmFpcGc,,3 meses atr√°s,2020-05-06 01:22:55.915565,4.0,Kellen Samile,0,0,https://www.google.com/maps/contrib/117537401197140446134?hl=pt-BR
ChZDSUhNMG9nS0VJQ0FnSURvLV9yZEZnEAEaFlZpTUhPMC11Nzd4VFBuNHhoOVQ1UlE,,um ano atr√°s,2020-05-06 01:22:55.915565,5.0,Juliane Mesquita,3,0,https://www.google.com/maps/contrib/108128076738729811777?hl=pt-BR
ChZDSUhNMG9nS0VJQ0FnSUNzbjg2UUZBEAEaFi0yb0J2UngxM3ROMnhDVy04SFRVbWc,,2 meses atr√°s,2020-05-06 01:22:55.915565,5.0,Victor Eduardo,0,0,https://www.google.com/maps/contrib/102162371629554644956?hl=pt-BR
ChZDSUhNMG9nS0VJQ0FnSURvMDRhNER3EAEaFnhPRWFtNTJHTC1KNjVONlNtSlBFbFE,,um ano atr√°s,2020-05-06 01:22:55.915565,5.0,Kazuki,0,0,https://www.google.com/maps/contrib/106083687158753827005?hl=pt-BR
ChZDSUhNMG9nS0VJQ0FnSUNNNzVmbURnEAEaFmtfejAzU0xSb0hac0xXU0pMWVRnMVE,,4 meses atr√°s,2020-05-06 01:22:55.915565,4.0,Mayumi Okada,1,0,https://www.google.com/maps/contrib/100699530522022055791?hl=pt-BR
ChZDSUhNMG9nS0VJQ0FnSURvMS03eERBEAEaFjVxOHhZeGE5cGo3SWNyZ1FHYzZ2TWc,,um ano atr√°s,2020-05-06 01:22:55.931165,5.0,Isabela Medeiros,0,0,https://www.google.com/maps/contrib/103232607580720701508?hl=pt-BR
ChZDSUhNMG9nS0VJQ0FnSURvckl1bENREAEaFk9GUHd3NU5BUmcwUWZKZmxnZVV0a3c,,um ano atr√°s,2020-05-06 01:22:55.931165,1.0,Clevia Thayssa,1,0,https://www.google.com/maps/contrib/109723790407856490621?hl=pt-BR
ChZDSUhNMG9nS0VJQ0FnSURValBDVEJREAEaFlBoRktub1lWOGZSUHBtekpBY3o4TXc,,8 meses atr√°s,2020-05-06 01:22:55.931165,4.0,Guilherme Teixeira Gomes de Ara√∫jo,0,0,https://www.google.com/maps/contrib/113007967113638411751?hl=pt-BR
ChZDSUhNMG9nS0VJQ0FnSURVOF9lcEJBEAEaFm5HMGxZdElCWm9OZGZCYjBEc2xDdXc,,8 meses atr√°s,2020-05-06 01:23:09.431218,4.0,afonso carvalho,3,0,https://www.google.com/maps/contrib/108905836414065564756?hl=pt-BR
ChZDSUhNMG9nS0VJQ0FnSURvcDltSUF3EAEaFnhLTTRoVHpGWlNhd2lINVpCR1NSZnc,,um ano atr√°s,2020-05-06 01:23:09.431218,4.0,Jeferson Ros√°rio,0,0,https://www.google.com/maps/contrib/115896803343459672869?hl=pt-BR
